{
  "Total" : {
    "transaction" : "Total",
    "sampleCount" : 1500,
    "errorCount" : 0,
    "errorPct" : 0.0,
    "meanResTime" : 1273.729333333332,
    "medianResTime" : 262.0,
    "minResTime" : 254.0,
    "maxResTime" : 52613.0,
    "pct1ResTime" : 3039.8,
    "pct2ResTime" : 4910.700000000001,
    "pct3ResTime" : 15040.230000000001,
    "throughput" : 21.12438035150969,
    "receivedKBytesPerSec" : 17.853649632787857,
    "sentKBytesPerSec" : 6.564153642899392
  },
  "DeleteBokking" : {
    "transaction" : "DeleteBokking",
    "sampleCount" : 300,
    "errorCount" : 0,
    "errorPct" : 0.0,
    "meanResTime" : 363.6166666666668,
    "medianResTime" : 261.0,
    "minResTime" : 255.0,
    "maxResTime" : 2523.0,
    "pct1ResTime" : 835.3000000000002,
    "pct2ResTime" : 891.1999999999998,
    "pct3ResTime" : 1353.6300000000022,
    "throughput" : 4.3688472068503525,
    "receivedKBytesPerSec" : 3.224072712180346,
    "sentKBytesPerSec" : 0.9513904311324051
  },
  "GetBooking" : {
    "transaction" : "GetBooking",
    "sampleCount" : 300,
    "errorCount" : 0,
    "errorPct" : 0.0,
    "meanResTime" : 431.8233333333332,
    "medianResTime" : 260.0,
    "minResTime" : 255.0,
    "maxResTime" : 5626.0,
    "pct1ResTime" : 950.9000000000001,
    "pct2ResTime" : 1118.4999999999995,
    "pct3ResTime" : 2431.3300000000036,
    "throughput" : 4.400956474540467,
    "receivedKBytesPerSec" : 3.9564484097877273,
    "sentKBytesPerSec" : 0.7048120333152404
  },
  "CreateBooking" : {
    "transaction" : "CreateBooking",
    "sampleCount" : 300,
    "errorCount" : 0,
    "errorPct" : 0.0,
    "meanResTime" : 465.67666666666673,
    "medianResTime" : 259.0,
    "minResTime" : 254.0,
    "maxResTime" : 3038.0,
    "pct1ResTime" : 988.9000000000001,
    "pct2ResTime" : 1569.6499999999965,
    "pct3ResTime" : 2915.94,
    "throughput" : 4.455335263978615,
    "receivedKBytesPerSec" : 4.134034816588699,
    "sentKBytesPerSec" : 2.0057710514591225
  },
  "CreateTokenForLogin" : {
    "transaction" : "CreateTokenForLogin",
    "sampleCount" : 300,
    "errorCount" : 0,
    "errorPct" : 0.0,
    "meanResTime" : 4705.710000000002,
    "medianResTime" : 2950.5,
    "minResTime" : 1023.0,
    "maxResTime" : 52613.0,
    "pct1ResTime" : 8516.0,
    "pct2ResTime" : 15037.15,
    "pct3ResTime" : 28291.170000000002,
    "throughput" : 4.387632725889958,
    "receivedKBytesPerSec" : 3.3391713224325037,
    "sentKBytesPerSec" : 1.0540602056337205
  },
  "UpdateBooking" : {
    "transaction" : "UpdateBooking",
    "sampleCount" : 300,
    "errorCount" : 0,
    "errorPct" : 0.0,
    "meanResTime" : 401.8200000000001,
    "medianResTime" : 262.0,
    "minResTime" : 256.0,
    "maxResTime" : 5136.0,
    "pct1ResTime" : 891.0,
    "pct2ResTime" : 935.4999999999999,
    "pct3ResTime" : 1764.5800000000022,
    "throughput" : 4.384875104140783,
    "receivedKBytesPerSec" : 3.9461592148150313,
    "sentKBytesPerSec" : 2.1281774357981202
  }
}