{
  "Total" : {
    "transaction" : "Total",
    "sampleCount" : 2000,
    "errorCount" : 0,
    "errorPct" : 0.0,
    "meanResTime" : 2743.573499999999,
    "medianResTime" : 262.0,
    "minResTime" : 254.0,
    "maxResTime" : 206346.0,
    "pct1ResTime" : 8218.500000000005,
    "pct2ResTime" : 14802.75,
    "pct3ResTime" : 28903.41,
    "throughput" : 9.043022178011892,
    "receivedKBytesPerSec" : 7.617924894874867,
    "sentKBytesPerSec" : 2.8100219999773923
  },
  "DeleteBokking" : {
    "transaction" : "DeleteBokking",
    "sampleCount" : 400,
    "errorCount" : 0,
    "errorPct" : 0.0,
    "meanResTime" : 379.50249999999994,
    "medianResTime" : 261.0,
    "minResTime" : 256.0,
    "maxResTime" : 2576.0,
    "pct1ResTime" : 840.0,
    "pct2ResTime" : 1044.9,
    "pct3ResTime" : 1594.7600000000002,
    "throughput" : 1.8266758609351668,
    "receivedKBytesPerSec" : 1.3433203030455254,
    "sentKBytesPerSec" : 0.397792562118396
  },
  "GetBooking" : {
    "transaction" : "GetBooking",
    "sampleCount" : 400,
    "errorCount" : 0,
    "errorPct" : 0.0,
    "meanResTime" : 441.6374999999995,
    "medianResTime" : 260.0,
    "minResTime" : 255.0,
    "maxResTime" : 3162.0,
    "pct1ResTime" : 998.7,
    "pct2ResTime" : 1193.7999999999997,
    "pct3ResTime" : 2894.0900000000092,
    "throughput" : 1.8266508356927573,
    "receivedKBytesPerSec" : 1.638009892455932,
    "sentKBytesPerSec" : 0.2925406287103845
  },
  "CreateBooking" : {
    "transaction" : "CreateBooking",
    "sampleCount" : 400,
    "errorCount" : 0,
    "errorPct" : 0.0,
    "meanResTime" : 532.79,
    "medianResTime" : 259.0,
    "minResTime" : 254.0,
    "maxResTime" : 19285.0,
    "pct1ResTime" : 991.9000000000001,
    "pct2ResTime" : 1280.6999999999998,
    "pct3ResTime" : 3459.6800000000003,
    "throughput" : 1.8266591773640395,
    "receivedKBytesPerSec" : 1.6894545966736536,
    "sentKBytesPerSec" : 0.8223533991843966
  },
  "CreateTokenForLogin" : {
    "transaction" : "CreateTokenForLogin",
    "sampleCount" : 400,
    "errorCount" : 0,
    "errorPct" : 0.0,
    "meanResTime" : 11881.504999999997,
    "medianResTime" : 8096.5,
    "minResTime" : 1034.0,
    "maxResTime" : 206346.0,
    "pct1ResTime" : 27592.700000000004,
    "pct2ResTime" : 28901.05,
    "pct3ResTime" : 57569.210000000014,
    "throughput" : 1.8213111619054558,
    "receivedKBytesPerSec" : 1.379625418901567,
    "sentKBytesPerSec" : 0.43754154866088096
  },
  "UpdateBooking" : {
    "transaction" : "UpdateBooking",
    "sampleCount" : 400,
    "errorCount" : 0,
    "errorPct" : 0.0,
    "meanResTime" : 482.4325,
    "medianResTime" : 262.0,
    "minResTime" : 255.0,
    "maxResTime" : 10787.0,
    "pct1ResTime" : 1025.2000000000012,
    "pct2ResTime" : 1419.3499999999988,
    "pct3ResTime" : 2528.0300000000007,
    "throughput" : 1.8266508356927573,
    "receivedKBytesPerSec" : 1.6395083169695863,
    "sentKBytesPerSec" : 0.8865589180518769
  }
}