{
  "Total" : {
    "transaction" : "Total",
    "sampleCount" : 2500,
    "errorCount" : 0,
    "errorPct" : 0.0,
    "meanResTime" : 4618.254000000003,
    "medianResTime" : 264.0,
    "minResTime" : 254.0,
    "maxResTime" : 327438.0,
    "pct1ResTime" : 14861.9,
    "pct2ResTime" : 27935.9,
    "pct3ResTime" : 55231.35999999992,
    "throughput" : 7.262290700782004,
    "receivedKBytesPerSec" : 6.1215039786459595,
    "sentKBytesPerSec" : 2.2566830776280775
  },
  "DeleteBokking" : {
    "transaction" : "DeleteBokking",
    "sampleCount" : 500,
    "errorCount" : 0,
    "errorPct" : 0.0,
    "meanResTime" : 434.5479999999997,
    "medianResTime" : 262.0,
    "minResTime" : 256.0,
    "maxResTime" : 5492.0,
    "pct1ResTime" : 890.0,
    "pct2ResTime" : 1214.2999999999997,
    "pct3ResTime" : 1840.4400000000005,
    "throughput" : 1.4625998590053735,
    "receivedKBytesPerSec" : 1.076187832192993,
    "sentKBytesPerSec" : 0.3185096857019163
  },
  "GetBooking" : {
    "transaction" : "GetBooking",
    "sampleCount" : 500,
    "errorCount" : 0,
    "errorPct" : 0.0,
    "meanResTime" : 479.3840000000002,
    "medianResTime" : 261.0,
    "minResTime" : 254.0,
    "maxResTime" : 2976.0,
    "pct1ResTime" : 1111.4000000000005,
    "pct2ResTime" : 1527.95,
    "pct3ResTime" : 2427.940000000003,
    "throughput" : 1.4628566078695835,
    "receivedKBytesPerSec" : 1.3120909487210244,
    "sentKBytesPerSec" : 0.23427991432048845
  },
  "CreateBooking" : {
    "transaction" : "CreateBooking",
    "sampleCount" : 500,
    "errorCount" : 0,
    "errorPct" : 0.0,
    "meanResTime" : 572.7080000000002,
    "medianResTime" : 261.0,
    "minResTime" : 254.0,
    "maxResTime" : 6435.0,
    "pct1ResTime" : 1274.0,
    "pct2ResTime" : 1599.8,
    "pct3ResTime" : 3455.040000000001,
    "throughput" : 1.4629892967703049,
    "receivedKBytesPerSec" : 1.3539680201512145,
    "sentKBytesPerSec" : 0.6586309236436626
  },
  "CreateTokenForLogin" : {
    "transaction" : "CreateTokenForLogin",
    "sampleCount" : 500,
    "errorCount" : 0,
    "errorPct" : 0.0,
    "meanResTime" : 21166.026000000005,
    "medianResTime" : 14861.5,
    "minResTime" : 1035.0,
    "maxResTime" : 327438.0,
    "pct1ResTime" : 51869.70000000001,
    "pct2ResTime" : 55216.799999999996,
    "pct3ResTime" : 109233.91,
    "throughput" : 1.4598199166150863,
    "receivedKBytesPerSec" : 1.1073304309680359,
    "sentKBytesPerSec" : 0.3506989252805774
  },
  "UpdateBooking" : {
    "transaction" : "UpdateBooking",
    "sampleCount" : 500,
    "errorCount" : 0,
    "errorPct" : 0.0,
    "meanResTime" : 438.60399999999987,
    "medianResTime" : 263.0,
    "minResTime" : 256.0,
    "maxResTime" : 2660.0,
    "pct1ResTime" : 987.7,
    "pct2ResTime" : 1199.1,
    "pct3ResTime" : 1642.7800000000002,
    "throughput" : 1.4627239430356789,
    "receivedKBytesPerSec" : 1.3132632676375253,
    "sentKBytesPerSec" : 0.7099296374931252
  }
}